0.024096043277402366,0.8432015281301521,0.425885475138218,0.01230318385272673,0.008365428593380754,0.003429099711230545,1.6795835072460321,0.08147059977718393,0.028089887640449437,0.002269215861232932,4.4943820224719095,5.0136473061846255e-09,-0.05984883812620498,0.0014074597678797173,1.766665545105849,0.0020466037596454144
0.009015932462467666,0.3639315263969724,0.8554234585572021,0.004151792746315238,0.001073437809105012,0.0053680023937657416,1.1032157516172925,0.08053175227344189,0.020833333333333332,0.0008937149143264122,24.583333333333332,1.241446182349273e-09,-0.09349577979857682,0.0010432969125775634,1.587380865386865,0.002336382773305168
0.00012488008488471963,0.06443693946023071,0.37794903419097275,0.00015203341217635407,6.914769887980928e-07,0.00035419508990521453,1.0688415754842788,0.08652431687983898,0.02702702702702703,9.897980493494803e-05,29.72972972972973,7.160403835043802e-11,-0.007433764380977042,0.0013540963477292579,1.8559010915514689,0.0006902153728847896
0.0015290196253923466,0.2621346600226642,0.27962373186953793,0.003117605744364942,0.00034974185218422015,0.00159694749010356,1.1299090655029795,0.09170952455821892,0.009995002498750625,0.0003378154097463306,18.990504747626186,2.4721280140420173e-11,-0.032303221966591536,0.0005001250416822429,1.938465573930141,0.0008839055250689828
0.01688413026427861,0.6274980169519992,0.5388449819832237,0.015614573955750659,0.008180621875800764,0.0023873850313067286,1.2168198998231783,0.0836341924427582,0.009995002498750625,0.0006873143691250593,18.190904547726138,1.1292250666489787e-10,-0.046792313174451816,0.0005001250416822429,1.928709801443495,0.0010602962279057818
0.0003032738621903463,0.07782771524026624,0.6291819913822038,0.0002079034810740037,1.6930024696738254e-06,0.0006861502034653567,1.0865956686971197,0.08979874437581287,0.014970059880239521,0.00013801211663271333,26.047904191616766,1.751448726976808e-11,-0.01433090870989138,0.0007493443587808343,1.9828292868924884,0.000714908044529198
0.3982481881453463,2.988341745462104,0.5604064810607354,0.31544633491143675,3.6294605563986337,0.010847734148719273,1.3796847986572038,0.08126044288602939,0.009995002498750625,0.0017977740588026154,7.396301849075463,8.31732496209923e-10,-0.18778254689401078,0.0005001250416822429,1.906484588294484,0.0021754118743086805
0.0002911025902825453,0.10895853120975987,0.3081296236585515,0.0005067009395088437,6.6805861904264e-06,0.0024295787910489754,1.0667059225331643,0.1003295770925092,0.025412960609911054,0.0004660053649360274,23.88818297331639,4.214804715119829e-10,-0.044450664458764236,0.0012730746467979853,1.7477940426098237,0.0017508872351122595
0.00022984787913179342,0.06948867342848866,0.598166825170667,0.00016139098589295478,6.487407934979429e-07,0.001719308680526669,1.035542548107244,0.07639607987581122,0.029585798816568046,0.0002452923140189851,12.42603550295858,1.0175293563269555e-10,-0.03194659044460671,0.001482579960222836,1.535324072147552,0.0015926348470826708
0.006673515991914095,0.8956965364469669,0.10453044032688956,0.016601500175348317,0.013318739338915033,0.003626426920463569,1.4806308526264156,0.0818900076685781,0.032948929159802305,0.0022732425936446516,0.0,8.536672840032674e-09,-0.062184123832119166,0.0016515280384730646,1.953213282407705,0.002262922613907788
0.24169049576028803,8.1649662915642,0.04555757977340342,0.7491513010644714,49.986611570831364,0.15101554248321014,1.5351621306077377,0.08217695753561988,0.018484288354898338,0.012233126918251819,0.0,3.9959990002716665e-08,-1.8975829754586304,0.0009254975209429212,1.9450565950061873,0.010773856354700951
0.029181266656833175,0.6873419176586981,0.7761905352625985,0.013476607629032508,0.008654783897669925,0.003438681616657735,1.1841278667248245,0.08905423165850904,0.009995002498750625,0.0005565410157013387,19.99000499750125,2.609952719199128e-10,-0.06570398645750854,0.0005001250416822429,1.9570534192026903,0.0012908573442109354
0.0010646411569000427,0.16426731381039567,0.49580488839712367,0.0011893158423698735,5.200362387326816e-05,0.0016809591297363168,1.0981699155236744,0.09158913132209787,0.020833333333333332,0.0004607149685921985,21.25,5.52782339867051e-10,-0.032106510914417005,0.0010432969125775634,1.693072115241876,0.001311665776061181
0.003325029038314574,0.22303155678769007,0.8399872128438624,0.001494549742723768,0.00013600731695247455,0.001649521671699979,1.1753903312246081,0.09969095409985337,0.017825311942959002,0.0004316176943537282,26.737967914438503,4.4199100149362923e-10,-0.03192181991954695,0.0008924587830197224,1.9847969835229429,0.0012025213655766083
0.0001987332330962944,0.05664314152664382,0.7783692989277056,0.00010270339500124079,3.965671814779969e-07,0.0009548490179370864,1.0871093978488688,0.08767219284308982,0.024968789013732832,0.0001923989203543191,27.46566791510612,2.293902830094834e-10,-0.018786144729197832,0.0012507819016526025,2.0327464748702186,0.0010904587519071252
0.0025426895542954996,0.20687051305897125,0.7466310035069247,0.001449976500167111,0.00010900501736255577,0.0015958318242973158,1.1207600558110749,0.09619332169380956,0.017969451931716084,0.0003476156871876205,29.110512129380055,2.377383951622056e-10,-0.030944198769582515,0.0008996851708976849,1.905415016494583,0.0011884193908386087
0.0009501894902317924,0.15993641128183123,0.46679413709736206,0.0009904303556460966,3.644937450040639e-05,0.0015314957804796118,1.0756251129303582,0.1010034916417151,0.0213903743315508,0.0003859183810462157,26.09625668449198,9.051678618559803e-10,-0.029403865321832666,0.0010712373814988035,1.3975062433946233,0.0012701496956773104
0.0019340360286740433,0.2377135131212847,0.43009726742814386,0.0022510366775880322,0.0001940948460989937,0.001948263732670253,1.0948324970167955,0.0883578740651091,0.020703933747412008,0.0005602413854650875,16.977225672877847,4.283837294136019e-10,-0.03678579956130857,0.0010368067284403603,1.5229471697984118,0.0013991715051629378
0.0003540509324235792,0.12694026144063528,0.2761066264322381,0.0008563822335507024,1.7412583562942474e-05,0.0027808918557169124,1.050442316741749,0.0534405904987342,0.022857142857142857,0.0008799047625686878,26.057142857142857,5.388025984414128e-10,-0.050710733732697424,0.0011448198159333073,0.656686141192427,0.0017606003305327
0.0012333223495933946,0.21394895677319842,0.33858375666467866,0.0016847189896956282,8.535491382220842e-05,0.001161735427476915,1.088421441647511,0.08041296373673718,0.025031289111389236,0.0003221111403930877,37.54693366708385,3.00595396951827e-10,-0.022501226401950854,0.0012539186595936988,1.3223812761836287,0.0011960451923269068
6.002871075156562,11.810516774733228,0.5407930211559868,4.910257839048288,620.9562192882007,0.20203567430326552,1.3647167665342217,0.08212271650640733,0.010341261633919338,0.009018881846970986,6.411582213029989,2.9399098679856677e-08,-2.6238376791149225,0.0005174644358676277,1.8137877438859469,0.009305581754455046
0.059190559677407294,0.9788733722743246,0.7762637052174283,0.030454254677286557,0.05258843311362391,0.004546653663082463,1.2192110040913566,0.07843795573846932,0.01694915254237288,0.001176864812889512,8.474576271186441,1.5506926930444117e-09,-0.0813130423925087,0.0008485363258388636,1.8037282502698748,0.001886022906819273
0.048500778426581646,1.2476885870551164,0.3915129827362418,0.03448670830181128,0.05338470421700816,0.0036600507666849262,1.5419855388925308,0.08419193984768264,0.009995002498750625,0.001243862407775815,17.191404297851076,8.599449566618646e-11,-0.06916966383905734,0.0005001250416822429,1.8637210079798054,0.0012801814751659671
0.07122760311639659,1.0662068347276321,0.7873634847553331,0.03332935815635157,0.036580466834631745,0.00747131189631734,1.9266673844711308,0.07070505746223575,0.01218769043266301,0.0027242934393414435,8.775137111517369,1.8569427193640976e-09,-0.13173122514456792,0.0006099420744144223,1.9225915067000172,0.0020563093386391667
0.0037456973315511846,0.24128356554362448,0.8085131012397857,0.0017508289438623145,0.00013004072575702432,0.0007313678860401649,1.1455647578285832,0.0832476411280623,0.009995002498750625,0.00023274795923278158,69.96501749125437,1.8756577082334004e-11,-0.01561952119956464,0.0005001250416822429,1.7570295992386336,0.0005984344579811388
0.001018949231675176,0.13417793763478736,0.7112138175164435,0.0004759176462944692,1.0073302072887691e-05,0.004205695058863649,1.0679056200146726,0.0874980072505389,0.02506265664160401,0.0003110696424130704,12.531328320802006,8.683293162236604e-10,-0.07372692394028343,0.0012554929458320908,2.0596189579148194,0.0022929818540923072
0.05414226735793255,1.166914007129093,0.4996531126135656,0.05089822856075323,0.12979670138756935,0.015234636826726919,1.1469147230974417,0.09688803821835547,0.018726591760299626,0.0021919388986373755,7.865168539325843,1.843292750722698e-08,-0.24376723471106804,0.0009376465759636146,1.3801587386563932,0.003623365198852695
0.0012082415101742358,0.16307424168796042,0.5709431684969574,0.0007936102682035046,2.1292108638045624e-05,0.004071766999634489,1.0536992025817498,0.09499530203313704,0.025477707006369428,0.00027908874094052663,21.910828025477706,7.323962673644383e-10,-0.0714698191344946,0.0012763243596047896,1.9519455204806533,0.0022742024499278956
0.01997368039875958,0.6315513669760345,0.6292896681363026,0.013223801125475266,0.008960165649742235,0.013423637093061066,1.0938712803365591,0.07596628501812057,0.021436227224008574,0.0020273002140579993,9.860664523043944,8.382567064940218e-09,-0.21517807509159456,0.001073537408524191,1.530412618068016,0.0037051309720710383
0.006035361799124015,0.3531444021453134,0.6081469329413771,0.004754988166580178,0.0006004070897888312,0.005590223981592289,1.1061813587321263,0.07708326686181219,0.024844720496894408,0.0007944415467886867,0.4968944099378882,1.2578509232043574e-09,-0.09567384919592448,0.0012445552322047188,1.989733093857549,0.0026150688585433765
0.0005542622290976119,0.244459257024424,0.11654997188401416,0.0013377330050270157,7.996534693835383e-05,0.00047101908336546447,1.3652812052462497,0.083282593507115,0.021621621621621623,0.0004580677606990007,19.027027027027028,1.0907898352366199e-10,-0.00981243728604089,0.0010828371388319376,1.8793048103350682,0.0006951433289782251
0.0018270864462373894,0.18890229629975389,0.6434198949782245,0.0012428816530494118,6.343789411773083e-05,0.0006752236716282698,1.1300569651060746,0.10031974516702394,0.0117096018735363,0.00019429330156758807,29.742388758782198,2.0406770158880794e-11,-0.014350138125327455,0.0005859947428162918,1.9895237569041972,0.0006247697990853178
0.0001977225631672686,0.05581766690662516,0.7974853917330297,8.846540504019812e-05,3.266848371627615e-07,0.00028230465899018646,1.0793368865050785,0.11271516488255172,0.024691358024691357,0.00012054407037017918,29.135802469135804,1.0571868063618841e-10,-0.006053253375957662,0.0012368585373962473,1.9800099582960065,0.0005882910030342962
0.01960989979883904,0.573303350270323,0.7497496628667157,0.009517564822849942,0.0035595013608547073,0.0013472091812658995,1.2268927130899958,0.09675872889150933,0.009995002498750625,0.00047223501668061673,32.78360819590205,1.721430253475985e-10,-0.027520824425152423,0.0005001250416822429,1.8202110423789866,0.0007966136188739898
0.0003822848575685961,0.09304635850051762,0.5548788836059684,0.0003526837525573927,4.050861303512702e-06,0.00036995243978309785,1.1067303972874365,0.08330544396577817,0.017543859649122806,0.00011407418414495604,36.8421052631579,3.154589530139331e-11,-0.00796994986740478,0.0008783487609059579,1.764133487353755,0.0005673350509832956
0.0004515657961703454,0.09231178576761351,0.665911627203215,0.0002915613957063506,2.5566803166673313e-06,0.0004531041998219156,1.0974684327758037,0.09594895549522628,0.014245014245014245,0.00010673022960506898,40.17094017094017,4.830568178374559e-11,-0.009766959703874707,0.0007130125079256612,1.992937500439268,0.0005666006238585703
4.228719438006076e-05,0.02501608405596837,0.849141528252435,1.599458630115897e-05,1.296931688469467e-08,0.0002914063985703207,1.0942270014805686,0.12576408709362336,0.023228803716608595,0.00011985155087267021,50.63879210220674,4.2446774057775734e-11,-0.006262713423349593,0.0011634672632980698,2.002159614476266,0.0005811092260894509
0.0017448614706656635,0.1560587167143953,0.9003155560838743,0.0006534745340015128,2.008101510446141e-05,0.0005019719902103361,1.146090774756323,0.08930165714351705,0.014104372355430184,0.0001661161439803936,55.57122708039492,1.1364195934670104e-10,-0.010744430989561186,0.0007059654370153107,1.8805674567447195,0.0005897444846518344
0.002483675387038038,0.1994644330064173,0.7844653472136164,0.0012245003529788947,8.365935056617934e-05,0.0005612753307532269,1.112033271730147,0.09595834189566485,0.018214936247723135,0.000279545406163447,25.136612021857925,1.4949582162469813e-10,-0.011703362965332784,0.000911992767269462,1.4563645774446858,0.0007019372168655947
0.000957656228728091,0.15227732245624936,0.5189781075018709,0.0008526195472586012,3.711152116481671e-05,0.0006399486151108116,1.1292406625245288,0.08227697386820054,0.019398642095053348,0.0003739250949114618,22.114451988360816,2.542571369416276e-10,-0.013161187415426875,0.0009713453896317809,1.5357264832670292,0.0007711710116252135
0.03480025759789469,0.8224627000479143,0.6464871551179555,0.020027344548339685,0.011301520540371295,0.0022062588216093405,1.4410066472449423,0.08134646687587986,0.009995002498750625,0.0007694600724401711,18.790604697651176,1.7630163558343915e-10,-0.04345772997763309,0.0005001250416822429,1.7359750479872185,0.001015589778519014
5.584704106991877e-05,0.038187167693119334,0.4812548677175107,5.299089145666411e-05,9.964831620583338e-08,0.00037761627661615007,1.0517574058936345,0.07025626601195775,0.026917900403768506,0.0001238523287481713,19.919246298788696,2.6246893473531752e-11,-0.007893829933921655,0.0013486178712935292,1.8258274953679368,0.0007119857311722604
6.5854759505482684e-06,0.010128248047816745,0.8067303097318458,2.4951282863671955e-06,3.6630295989927294e-10,0.0003008185444240689,1.0180465698735073,0.09875401103748511,0.02881844380403458,4.35837638422164e-05,46.685878962536016,6.308494627188218e-12,-0.006358436746148964,0.0014440435722336913,1.9906185538665466,0.0006582601386884301
0.0012016083045443915,0.15724060811964596,0.6107217058433859,0.0009017900652502679,2.7607732522047104e-05,0.004798947523567628,1.0722924115980192,0.07772118343237433,0.027247956403269755,0.0003224355608038216,12.534059945504087,1.2566800811585971e-09,-0.08263185877993602,0.00136518792533997,2.045426068700481,0.002553498636931133
0.011743260944560257,0.4920920357976024,0.6094048450841594,0.00907664291810801,0.002994691902703066,0.009586201277041531,1.1293738658825447,0.08244547315300771,0.01784121320249777,0.0008833845118803624,6.066012488849242,2.060251201566105e-09,-0.16124229757524927,0.0008932559772148798,1.9381145174160717,0.002908722307686026
0.0010840277605808821,0.17054862433455972,0.4683319931330377,0.001359819962793159,6.634835384229904e-05,0.006154476951896492,1.0670832317560384,0.09790070338292185,0.023952095808383235,0.0004774441982568281,12.934131736526947,9.268184657154286e-10,-0.10489939779954266,0.001199760191903949,1.7578678808095305,0.002709724880794446
0.004310011232297745,0.2777380278731155,0.7021300672878891,0.0023627133218481326,0.00023336452317335572,0.00594199758651061,1.08964221554491,0.09644103000052555,0.025157232704402517,0.0005606934511679603,8.553459119496855,1.6702904252532279e-09,-0.10113126159099024,0.0012602396122877771,1.851575769421066,0.002724526751843075
0.005467027966151575,0.30062329776478897,0.7601790390507076,0.002957787834012864,0.0003296553457275195,0.006603918060836328,1.0736001150997327,0.08797844675171607,0.02262443438914027,0.0005139877771435084,4.97737556561086,1.6067386030116589e-09,-0.11238758483996425,0.0011331445971687313,1.6719062676330447,0.0027215458517785883
0.020792181449870672,0.8337235424917202,0.375894343276302,0.031069515416017508,0.021834418063213342,0.00602782404965295,1.2856843422941575,0.08118928342939312,0.026917900403768506,0.0019430276604978794,9.690444145356663,3.995722351576549e-09,-0.10134650822411201,0.0013486178712935292,1.8465504130046662,0.0027411905909585023
0.016826721241185838,0.6588949089042765,0.487053939349293,0.015813240212363612,0.014690080704720916,0.0022610308876903494,1.202933756256534,0.09155687889960057,0.009995002498750625,0.0006739762546378068,20.98950524737631,1.1605499724017234e-10,-0.04444201291996872,0.0005001250416822429,1.9276195155477684,0.0010216953611047691
0.03962628213304344,0.8470520331205558,0.6940216411512812,0.023632981600368034,0.01872131340868145,0.008625539288928591,1.3242771266290718,0.08178651987524255,0.009995002498750625,0.001057151740406557,27.586206896551726,3.1464450748838435e-10,-0.15343920410636763,0.0005001250416822429,1.946136193882066,0.002051644854267513
0.01301101172035839,0.4780361485303455,0.7154832230931152,0.006813221318225792,0.001938742881204554,0.0030709161644933932,1.145781015728011,0.07849725439814584,0.01768346595932803,0.0005945628951382015,21.573828470380196,6.497096568728402e-10,-0.0566746540882062,0.0008853475567242145,1.7315737331055845,0.0016267767983950366
0.09508053529660947,2.4101814618304407,0.20568470526791688,0.059371232390480186,0.3269178253216129,0.02117993944012598,1.6116277710574527,0.08188212912172883,0.02336448598130841,0.005046284174651647,0.0,1.7268992646499682e-08,-0.3195141149688778,0.0011702751481904318,1.9601801850129692,0.004605422645148037
0.0006941620532923766,0.10939466643728181,0.728917599586682,0.0003489143989806295,1.0854583480069832e-05,0.03601488215016037,1.0142612405653937,0.07787386530467434,0.021436227224008574,0.00033770385062464534,23.579849946409432,2.696908713632108e-10,-0.5279937113312201,0.001073537408524191,1.6884063330522445,0.006211751377561069
0.035891529698558584,0.7704850439846973,0.7597547193450693,0.018288272927157727,0.013856814495945861,0.010400054606946471,1.0921496946141551,0.08137624893695604,0.009995002498750625,0.0006333813067718934,38.980509745127435,9.180283656526597e-11,-0.18235177232926647,0.0005001250416822429,1.7792345133877094,0.0022631319262730854
6.424224791812711e-05,0.03325528497147513,0.7299771158592834,3.2796539221825166e-05,5.256183962912044e-08,0.0013982941213744188,1.0276169277739735,0.085374909187436,0.017857142857142856,7.910278533381941e-05,46.785714285714285,1.819840148327194e-11,-0.027421396563410756,0.0008940545968808014,1.9798393570067057,0.0011170435378507258
0.0006905316239543627,0.14512380122382823,0.4120179585101854,0.000893864764370174,3.300401112853184e-05,0.0016733288528909848,1.0789778139319661,0.08286214333870963,0.019305019305019305,0.00030231835789395925,18.146718146718147,1.663368919852625e-10,-0.03217069124208502,0.00096665063109499,1.766589972030549,0.0012642649396933257
0.007277072871247157,0.48235418937045693,0.3930379430216018,0.012519454702236634,0.003407557422735973,0.001485075314449642,1.2267219419411342,0.08271207317270711,0.011689070718877849,0.0005279525949207622,9.117475160724723,1.0098740199191705e-10,-0.02975647012929039,0.0005849663811145648,1.9016400338640864,0.0008972147359366739
0.0017606675165815235,0.3730157850337157,0.1590130599848139,0.006369260872489765,0.0012781537359292027,0.001444246150612606,1.215435649969064,0.08266112043956755,0.011926058437686345,0.0005129534631832188,5.008944543828265,7.93177329876726e-11,-0.02898358225212159,0.0005968367828616367,1.9292778868447016,0.0009009295943245021
0.014724841005372954,0.496277798496054,0.7512954939670623,0.006672791937655867,0.0018068484591966857,0.0018016272556187186,1.2078856092239039,0.09023557858792174,0.009995002498750625,0.0005303316166149826,37.38130934532734,9.527153240707802e-11,-0.036094956999617754,0.0005001250416822429,1.9703767503505836,0.0009324975874415708
0.0023178416049604747,0.2250696680721878,0.574989186525519,0.0023447015445411234,0.0001015753810705052,0.0008215290914670403,1.1528545539942059,0.0819896310430923,0.016168148746968473,0.00032419273490099027,7.437348423605497,8.526332317794339e-11,-0.016824753984917885,0.000809388955558584,1.9458978999648464,0.0008025040026737706
0.00019613494149780787,0.06094081128406417,0.6636641695056157,0.0001660604003500538,6.641641712058604e-07,0.000593162198215934,1.0592435796228215,0.06318421389321961,0.023121387283236993,0.0002628745734056029,30.982658959537574,5.4207884808111436e-11,-0.01213736475014875,0.0011580777206275977,1.6070344846769955,0.0008237042880012336
0.004187163914831521,0.40198456721319287,0.325619995664496,0.008561854268554846,0.0017744156832653645,0.001584794157017576,1.2324240003842377,0.09216753482143741,0.014803849000740192,0.0007204484675720417,8.586232420429312,3.079713032427027e-10,-0.03107950005493447,0.0007410152247193303,1.8714391642014552,0.0010457189558366285
0.0005452147431715436,0.09124047619383498,0.8230048009221438,0.00026498723696654383,3.5016137203546225e-06,0.0006504166338064242,1.1098971717670858,0.07965907401960728,0.022753128555176336,0.0003406298829348617,37.770193401592714,1.685157795847956e-10,-0.013233214910856017,0.0011396012629335626,1.8057076648929324,0.0008533590930841614
0.0033097307587607473,0.2176947029199019,0.8776205961393552,0.0013490169598538223,8.975696574446211e-05,0.0006902432525571162,1.1285314417508732,0.09650366455327077,0.018467220683287166,0.0002921677568233466,36.56509695290859,2.5779102621835196e-10,-0.014179922913853202,0.0009246417672185651,1.5863890318612919,0.0007869056563961396
0.43877414203747095,5.4142710528596805,0.18809225011740396,0.47952136390386424,14.997717822194307,0.045778986235928396,1.258157027459939,0.08210355981387368,0.010718172561629153,0.003954587092956174,2.78672486602358,2.5061763423926583e-09,-0.6943587991556265,0.0005363368323792894,1.9261722924181977,0.004665551278227032
0.017385360176307665,0.6946893101393574,0.45270190754469525,0.023519714768828557,0.011011537894966861,0.0036473264511214937,1.2023159073640965,0.0912678742134489,0.012554996861268047,0.0007963144405060255,6.277498430634023,2.9364048468719805e-10,-0.06803979268536076,0.0006283380665414447,1.9350586629139122,0.0014669016223093016
0.0021840996691296125,0.20981375079809736,0.6234683645683775,0.0016010024604043542,8.920385873756297e-05,0.002142038284966543,1.1076325869872965,0.0979710395343925,0.012376305693069306,0.00025459554011718994,17.079301856435645,8.931712067495133e-11,-0.041806600734715794,0.0006193868268628816,1.9922832101690673,0.001148195217891231
0.0005878963568417563,0.10126436915776686,0.7204391577489211,0.0003360349784942273,4.785386151044983e-06,0.0012778958940704564,1.0781584394079602,0.09569699538832865,0.019474303797468354,0.0001795130509579944,22.200706329113924,7.871957634258578e-11,-0.025060784399552782,0.0009751341582063183,1.8698709070256194,0.0011134635611191504
0.135711086141768,2.176776877850684,0.35991285537255563,0.17420155435439563,0.9251310267238191,0.00502675447250832,1.357263330277546,0.08818791016310792,0.011154551031790295,0.001249021461467674,19.408918795315113,8.051909827172503e-10,-0.09163183392139272,0.0005581914741639864,1.827290993574934,0.0015429417838729686
0.014197955729810563,0.495242606674009,0.7274441908525325,0.008159431163090312,0.002454315063630036,0.002016858806872347,1.14812371276411,0.0810319021885016,0.016103148148148148,0.0004390774703319786,25.442974074074073,3.4148416478828063e-10,-0.03870277548955098,0.0008061266055246638,1.756348580215364,0.00125467580780841
0.0799677962982192,1.2082968941443106,0.6882998483647217,0.03473223935988971,0.05278499734050966,0.004957707684089321,1.7613508826841975,0.08101651252473083,0.015026378662659655,0.0021218108834863067,9.616882344102178,1.3665345318153024e-09,-0.08840280647935207,0.0007521625025540585,1.540501537431751,0.0018145381096573128
0.020360388228611928,0.5892705747857497,0.7368284877986444,0.01067508285794511,0.005028914892657186,0.004591111603522348,1.1466814658145192,0.08222524274023366,0.010172995930824007,0.0004759857670178175,18.107932756866735,1.8625771140274195e-10,-0.08577989765804468,0.0005090353889504727,1.9216673239040822,0.0015152874593365375
0.1978732178361184,2.0216685523882125,0.6083828587323273,0.11868898406309085,0.5404424166017711,0.012110989921934445,1.152012226442211,0.08616619726213455,0.009995057471264368,0.001321768635540813,27.786259770114942,2.4435093703032574e-10,-0.20890697866171093,0.0005001250416822429,1.4027389725773642,0.0023755151186054427
0.00029745832553658766,0.1504771497001581,0.1650801596582872,0.00041373023473139286,9.667974126035762e-06,0.0013682030302988209,1.101569804498021,0.08340870987219583,0.025873363518758085,0.00024155233528630774,27.42576532988357,1.3010631271053103e-10,-0.02613047309341845,0.0012961764614466856,1.803506206867794,0.0013260891610561633
8.726966575014942e-05,0.04349885059686087,0.5795856360886383,7.927280633756232e-05,2.0619677524845439e-07,0.0010527310786512772,1.0347711321025772,0.08602775910025942,0.031056071428571426,0.00012124901021560996,24.223735714285713,7.702825204773569e-11,-0.020233750342683026,0.0015564205476581953,1.964053661202926,0.0012775067035345697
0.007793458051980514,0.44350288630507434,0.497905776814955,0.008150144892265652,0.0025876322889603,0.003421270882812548,1.1535603403019217,0.08270693675372882,0.017301133217993078,0.0007833231063523538,4.4982946366782,7.257832476805905e-10,-0.06263928322734663,0.0008661758878490816,1.815880024259423,0.001682813796227289
0.10272515668354867,1.22855276835418,0.8552617444351811,0.044008900244255376,0.11319039806892145,0.006825289383500661,1.1789694000727657,0.07547205931726607,0.018399365225390985,0.00175550301192533,1.8399365225390985,4.114917938032743e-09,-0.11701839514893829,0.0009212345193207641,1.4772261718847106,0.00235790388201473
0.1911856398781489,3.3508722701748033,0.21396827520455136,0.371780788945048,4.200201685241277,0.03593088537186408,1.3118255029788495,0.08214074787523266,0.012682377932783767,0.003707182471063286,4.0583609384908055,1.312723658923442e-09,-0.549831445722142,0.0006347191580909026,1.89687016280245,0.004553817961407542
0.0026120554593625765,0.2250142428007096,0.6482943555320668,0.0014896800223590657,9.505543873207194e-05,0.006609349779647076,1.0752227861266859,0.08171931886489354,0.023612880755608027,0.00044947910760403725,5.194833766233766,6.773744858854143e-10,-0.11210937644355953,0.0011827322490493785,1.9684213803020891,0.002788360370749973
0.002204994536843505,0.5516103723051886,0.09106521850198507,0.0034813581329029,0.0010528238579549849,0.002020808511105776,1.5248076215816837,0.07967098717608724,0.032573469055374595,0.0017383391492741581,0.0,3.960411214205878e-09,-0.03645526697514583,0.0016326534238853348,1.9885671708642345,0.0017026682255404575
0.09808148063408992,1.6908945014162466,0.43108593520400207,0.12262958003432202,0.37077393742225073,0.05158153901578891,1.123893131115133,0.07246077102773477,0.019685147637795275,0.004363859395206433,12.992197440944881,1.9792414725618512e-08,-0.7315850139419315,0.0009857073247591882,1.3995246862251198,0.0068750769100688535
0.053500891555972374,1.9736647922359736,0.17259336475502202,0.16460516331642097,0.6473413141993728,0.023613979999810394,1.1624880402917417,0.08329760839116371,0.009995057471264368,0.0013495262119511968,11.99406896551724,1.0728457870994625e-10,-0.38554303225054143,0.0005001250416822429,1.8767119460637423,0.0033809492431005005
0.004760099991237094,0.30557828184747815,0.640591202902849,0.0033883232542050896,0.0005517062109218563,0.005229097164786505,1.0767410477213786,0.08017366227658224,0.012594527707808565,0.00032407189467014027,22.418259319899242,9.318135435752655e-11,-0.09519116125577595,0.0006303183316158588,1.8161197772207036,0.0018094531510501528
0.020730417681081286,0.6016845583817703,0.7195818235453917,0.00926828125115375,0.003803877449936554,0.006954798151519114,1.1301539950285002,0.07781050348464826,0.009995057471264368,0.00047636252483938563,27.586358620689655,1.0886209552871747e-10,-0.12601496836707649,0.0005001250416822429,1.8291121799454297,0.001854665070538155
0.23953911137037326,3.839912687234287,0.20414728067865515,0.15356498456977888,2.218988927927535,0.03891392052098385,1.833833660329186,0.0748651758813692,0.011897745389649017,0.005793525351003515,19.03639262343843,3.679445246644404e-09,-0.5922145430519573,0.0005954153197638978,1.867530861308261,0.004521328191826363
0.03663915543142703,1.0163361574862573,0.44573892909504986,0.04532588114334577,0.08205592312098171,0.020886927060779027,1.154053656458128,0.08108111659835256,0.019361190706679573,0.002159993448908805,9.680595353339786,6.9539273891669265e-09,-0.32438333734226077,0.0009694620245480084,1.9202417674766186,0.004388923307900527
0.005696866128644271,0.30386266745737645,0.7753382079262375,0.0024488621203988177,0.0003362757594071982,0.0013552095904031157,1.1475214934740776,0.0815373589976517,0.010565298468040147,0.0002600848772052644,18.80623127311146,5.454624609650294e-11,-0.027632517450834074,0.0005286809533661532,1.973729295553579,0.0008390987089891807
0.010108919335897406,0.459354123863016,0.6020316947890676,0.00822607063480491,0.0022430366541363205,0.0019122302266841433,1.1934332405811534,0.08564729432159797,0.009995057471264368,0.0004553250019212095,21.78922528735632,6.270962847804812e-11,-0.038143964767484384,0.0005001250416822429,1.9434202434298051,0.0009597477320177302
0.000981744144632792,0.15602758690122223,0.5067635853357838,0.0009818737330502493,3.7763822469391506e-05,0.0013991702949728564,1.0853961313564533,0.06159189342650665,0.022446812570145903,0.000650497886274574,5.836171268237935,2.5115843509853856e-10,-0.026921166143576033,0.0011242272122809914,1.5720023864592343,0.0012318481591560028
0.0887822910674323,7.782399556366835,0.018420828688874718,0.9643890373353391,58.40922076400784,0.10565918382369997,1.4680636784270151,0.08221270411386468,0.01607725884244373,0.009293143870213811,0.0,1.5889519200777263e-08,-1.4024899407919238,0.0008048290172869284,1.9320681630789251,0.00832674669074026
0.16488302413213546,2.8426506738900197,0.25641228037310554,0.30442102911540775,2.5591221183400026,0.02158642976752736,1.244179451151027,0.08140749098347283,0.014084507042253521,0.002733159279143153,4.788732394366197,1.3945720133469255e-09,-0.3427073313902993,0.0007049700679698213,1.9125684910496095,0.003699284908128739
0.0037052158527099356,0.2812266774386254,0.5887221090177756,0.003354161311483743,0.000326085582524683,0.0051729180928495625,1.0967293582823643,0.07812141559758393,0.023446658851113716,0.0005842685704338805,6.096131301289566,9.912270257121613e-10,-0.08956826072345334,0.0011743982559415578,1.9445063667148657,0.0024484671332327917
3.603200223341086e-05,0.023913260106913994,0.7918094567101341,1.8132631027528762e-05,1.8363127653835553e-08,7.530382437053071e-05,1.0924704293707115,0.094624963851439,0.028449658605974395,6.858045072460456e-05,67.71018748221906,2.0136397862433488e-11,-0.001742955258302454,0.0014255169912210611,1.8504170824440118,0.00032628825986401794
0.22737824984068392,2.895197003270618,0.34088080140424143,0.14969579314665155,1.2343033371043206,0.015450452800212604,1.420399112794335,0.08249063926713464,0.009995057471264368,0.0019520527091584027,4.797627586206897,2.638493713663604e-10,-0.2601929699920051,0.0005001250416822429,1.813331529584424,0.0026467082415812873
0.03971451467855085,0.8683407361825611,0.6618792603769478,0.031241324700689424,0.022989953479894434,0.007959196546464728,1.1848196414746581,0.08141491809146925,0.017590246262093226,0.001447594857696409,3.166244327176781,2.4253797800648787e-09,-0.13563289747633603,0.000880669365593636,1.9023321263372621,0.002561232643102357
0.01744900953213133,0.9326540769355183,0.25208061974761165,0.03471727346440312,0.030783879866830628,0.0033241936409107737,1.2360324682195547,0.08216617006534939,0.01943645286686103,0.0011544061110972423,10.884413605442177,5.879983508618778e-10,-0.06022804486060924,0.0009732360865520724,1.8141481509687511,0.001713389640186581
0.000576301716826659,0.11581544783053906,0.5399167435428196,0.00047876443393993163,8.002814440328669e-06,0.000986915662074637,1.086992022364148,0.09906304156779461,0.02836895035460993,0.00021890267023160935,30.07108737588652,3.8813157102305496e-10,-0.019182557133770775,0.0014214643473775366,1.711367524132106,0.001179346283084775
0.07130885185630235,1.4360009699761045,0.434554089597176,0.0444433194710402,0.08796000824111068,0.008259772805221315,1.2292551530289164,0.0827060319827412,0.009995057471264368,0.000905403749940275,20.789719540229882,2.765153439105221e-10,-0.14730617612312766,0.0005001250416822429,1.8138540046795966,0.0019948805304431643
0.00011250736799141455,0.04355139144626974,0.7453954866132044,5.65009551336081e-05,1.3899949006937294e-07,0.0011887412818045284,1.0384094195834566,0.10203024475711665,0.02976206845238095,0.0001824195079689595,29.16682708333333,6.162937581519849e-11,-0.022712435007048778,0.0014914245866700204,1.7435943777581753,0.0013288942312716962
0.00486974087723867,0.3537637730329107,0.4889776424736759,0.004031238645213338,0.0007387994249612826,0.002530711642401706,1.1884150827970557,0.08737304463027545,0.01654268817204301,0.0005199221614110656,12.903296774193548,3.507447455760002e-10,-0.04767236740971666,0.0008281573972287319,1.9012359226149154,0.0014328621958781677
1.8382265938108125e-05,0.020473786958407875,0.5510773344160665,1.7511563711529877e-05,7.60780165682663e-09,0.001026095165375,1.0233165520745995,0.07740640495760318,0.032000176,0.00011304626439249043,30.080165440000002,2.044535697380663e-11,-0.019716673514034656,0.0016038495819744047,1.9262901103169674,0.0012808194775828766
0.005703738755736582,0.30341286134595474,0.7785769056276883,0.002680047972622367,0.0003593423054142039,0.004973888168250325,1.1186356116833334,0.08462376958481374,0.02224706340378198,0.0005386696751254094,10.233649165739712,7.809232486847124e-10,-0.08679879084895441,0.0011142062434034647,1.8489160939244091,0.0023419635159937498
0.017801713519139617,0.5133668281491741,0.848820903582463,0.007477774529309301,0.002537570298470669,0.012528205841481411,1.094491095464342,0.10225525166481066,0.010604512195121952,0.0007296023037165178,15.482587804878047,3.4804584745221286e-10,-0.21534412826955415,0.0005306447458026687,1.9214064949351908,0.0025671784220361346
0.006771303991054191,0.7131257189127829,0.16732081692961698,0.010793045460102695,0.005501057654915227,0.003012442054762887,1.520020356516451,0.08046573458389136,0.028571585714285714,0.001896705748762726,0.0,3.442510864051667e-09,-0.053210800706479336,0.00143163947143785,1.9728080557869263,0.0019581302750298775
0.0007774188779575534,0.11441226114510147,0.7463109418107772,0.0004217699162438175,9.872336633899748e-06,0.002340154356553278,1.0691309202364434,0.07832936195275225,0.016680658882402,0.00023675618017415887,42.368873561301086,2.6962332576231525e-10,-0.04437354620076128,0.000835073117421507,2.007499657803942,0.0013946193469831264
0.0007477177311037951,0.10724419264026679,0.8169584615732125,0.000323564209002991,3.4892489751781855e-06,0.00042724530969358076,1.0659284432153142,0.14419089369028973,0.009995057471264368,0.00010579876748196122,146.32764137931034,1.458163550775466e-12,-0.009463188615694267,0.0005001250416822429,1.9440053789952312,0.00046042910607195666
1.4748343245568252,5.044878148460121,0.728201784233681,1.0073937692317445,11.023904223733,0.640519803026764,1.0890363157692005,0.08170084836897046,0.009995057471264368,0.006295350188744749,1.1994068965517242,5.041840768617634e-09,-7.4220585506333325,0.0005001250416822429,1.6566959919122315,0.01774636701155092
0.04906430309126914,3.5216110626275907,0.04971560394204052,0.1859316744422549,2.24035437335917,0.04392214198043803,1.5331147301348793,0.08253938913123152,0.03120141965678627,0.008359160319690025,0.0,9.693348834618672e-08,-0.5965156750900225,0.0015637219761827587,1.9537617781199634,0.0075271386362075286
0.05844675598572196,1.5250747754289877,0.3157824568507284,0.07297539243857742,0.17494488011341355,0.01258245445157781,1.2601032973374982,0.08222946552678669,0.024360669914738124,0.002841710936515254,0.0,5.343423573609133e-09,-0.19969471238328695,0.0012202564052292632,1.860308001008544,0.003721878351951648
0.03358804362865067,0.7621494887161389,0.7266315443348101,0.018791435437573126,0.01365053546569931,0.013383625932787992,1.1154175380686058,0.08376197860453327,0.009995057471264368,0.000791087483795248,12.393871264367815,2.3887514900270443e-10,-0.22983408822707313,0.0005001250416822429,1.8194172741592571,0.0025706154288701127
0.0004923034580365127,0.08822768327336004,0.7947545070315433,0.00024092394433686964,3.332806166359647e-06,0.004506019715013958,1.0552369643966497,0.07758785556640864,0.023310151515151513,0.00032635079158260544,11.655075757575759,2.596222257218004e-10,-0.07901706331476645,0.0011675424560377012,1.8971689200823738,0.0022893546036621
0.0007801238613276058,0.1304036991502205,0.5764924226950678,0.0005979343228938015,1.3169829307526948e-05,0.0038195633919513553,1.06234967676956,0.08487029524885917,0.02610980417754569,0.0002810904694092132,12.010509921671018,3.1133768163577813e-10,-0.0672648885053522,0.0013080446600154524,1.9695534752009294,0.0022307419739113084
0.0009290280513514406,0.1287448577113285,0.7043344132834207,0.0005830852170157361,1.534829823596556e-05,0.003690932249388393,1.059272794518742,0.08272084337482273,0.028208899858956277,0.0003259335851993942,8.462669957686883,5.241290945154862e-10,-0.06476276818538637,0.001413427797146964,1.9698554209796513,0.0022776505762497766
0.5657386436462487,3.1750820378802143,0.705205688332401,0.16357493525874708,1.0777651521623302,0.036674877718935045,2.006797116185697,0.07877303116830271,0.012041005418422637,0.006036626880721027,3.853121733895244,5.225994745518454e-09,-0.5593515180694799,0.0006025911601445004,1.5674535314914466,0.0044162568615217
0.07745106892698461,3.0084919603524503,0.10753245710120579,0.42929162287008155,3.8854762417318236,0.03551438033915377,1.4668758630932341,0.08245741515382717,0.010319974200206397,0.004170225641941508,10.732773168214653,1.0785474703474124e-09,-0.5539301286990058,0.000516395570473653,1.833755891230639,0.004056585118303625
0.023289997230772817,0.6376167013484045,0.719879709196996,0.011463477563780744,0.005559061513432292,0.005731980154480873,1.1199628966714739,0.07779806549639662,0.03210290529695024,0.002038746999072965,11.557045906902086,1.556001085067264e-09,-0.09543643799005436,0.0016090108057006626,1.4510190386516704,0.0029232976539021534
0.0008152497009315242,0.13031136425138554,0.6033036171412,0.0005838796508936427,1.2421134522756733e-05,0.0015213851232575037,1.067763023714009,0.07939337787485128,0.02380965476190476,0.00045428457535616473,22.381075476190475,2.99248380366272e-10,-0.02899970167503072,0.0011926059851231359,1.4765451340944058,0.0013390527647688868
5.697360995152348e-05,0.030466254731233357,0.7713393084871882,2.322375712542854e-05,3.6254839027756444e-08,0.0008946049364311993,1.0238748788410987,0.09083862016016947,0.02635060606060606,0.00013030553688661616,44.269018181818176,3.347677922223954e-11,-0.01761753245333753,0.0013201322049229552,1.8539227206405149,0.0010851515632941391
0.0002620461650658386,0.07998601496841211,0.514706380815796,0.00032677530242971285,2.0248817177305375e-06,0.0015781841265732964,1.0500420319995025,0.06565144226989102,0.02375309976247031,0.0004576629175939227,17.57729382422803,2.3622515973014635e-10,-0.030006179701695695,0.0011897681355887957,1.5980529242452182,0.001362560714858075
0.00467835449728744,0.31052038245761715,0.6097092251776314,0.0030811431144309683,0.0005586437233833833,0.0036202065086173075,1.121155197715795,0.07897917777497757,0.022197680355160933,0.0007636793359508318,4.883489678135405,1.3388467553808012e-09,-0.06477525350403218,0.0011117288526905406,1.9378927732817464,0.001980326793090316
0.3107226452066366,3.496733673217636,0.3193431890106353,0.3452847843038135,4.201696377232195,0.017256720321223235,1.3774133653031513,0.08588164678986325,0.009995057471264368,0.002118963671086651,10.194958620689654,4.139851497553094e-10,-0.2874049360100523,0.0005001250416822429,1.51700340894496,0.002765894432013784
0.018700151462366345,1.7154191954209734,0.07985726960291861,0.12400809280055047,0.3655511102980293,0.011832860439019594,1.3439655865666957,0.08294541669410832,0.02721103401360544,0.003187749509910379,0.0,1.1124596546389716e-08,-0.1863396624265055,0.0013633267278640533,1.9279336093909873,0.003744771722856337
0.4213697256258906,4.550948082384434,0.2556639128108108,1.038278586726169,25.597195506477025,0.05920864604635579,1.322663278151636,0.0816292125430503,0.010368123379989632,0.0044681296016693284,3.1104370139968895,4.522465203072169e-09,-0.8769064936672726,0.0005188067561246423,1.8895287015280653,0.005155681707746254
0.35017645127563235,2.6183830534866566,0.641845407702437,0.23471033552147136,1.402263837784305,0.02055583587110588,1.2640963963101857,0.0829961735358588,0.01250006875,0.0026526171420937312,5.50003025,2.311160980402281e-09,-0.33129072954394473,0.0006255865077341985,1.8909383463663214,0.0034072813570113747
0.02711410167930299,0.6424666789661632,0.8254748915640244,0.011187612490679434,0.005955192246667574,0.010580987605883135,1.115509966520802,0.08390394016558127,0.009995057471264368,0.0006833575275056931,12.393871264367815,2.307001332026225e-10,-0.18532270881328108,0.0005001250416822429,1.9100123999048007,0.0022881112756374393
2.7319825982824472e-05,0.028173866397789807,0.4325087431178876,2.5413182173147145e-05,2.2716618076338525e-08,0.002395200584807729,1.0174744753452631,0.11886226713757642,0.031847308917197455,0.00010952320537268006,43.949286305732485,4.7898172904459304e-11,-0.0431132022779848,0.0015961695328221036,2.0639398069985195,0.0019526584951537957
0.4421734343697585,4.2177328705989305,0.31235205687375345,0.12940029201129963,1.7823855327670275,0.057360553596989605,1.7334506735642707,0.08056047072340111,0.026560571049136786,0.01021525808839711,0.0,1.0729061507358636e-07,-0.7679928959890211,0.0013306721857050613,1.9265731522344527,0.007883614386610826
0.0019000177095112665,0.23983580085791043,0.41508734154905697,0.0023594773682238715,0.00030579081123804675,0.0022379469316540146,1.124778600372123,0.08223574505086732,0.02053399383983573,0.0005301000659184987,4.51747864476386,4.4570868142464073e-10,-0.04184550478251896,0.0010282777255659324,1.9268820447726887,0.0014973781625199464
0.03486049589686814,1.0733737808951385,0.38022569242879073,0.05259978112443485,0.0846010673546489,0.006080879844689687,1.2538239944617526,0.08172213247176241,0.013793179310344827,0.0013926700437829989,5.7931353103448275,1.2610231885997288e-09,-0.10776193408788237,0.0006903693750207543,1.9129098238895395,0.0019347119910136613
0.018721595303279808,0.6317288945846166,0.5895100780990907,0.01642329200973153,0.010094486068955705,0.0042869539149689604,1.1690773320522456,0.08143273105350501,0.017513231173380033,0.0010943390715026993,7.355557092819614,1.068657184403368e-09,-0.07688734001631309,0.0008768084735344257,1.6123102829294516,0.0018707179525201724
0.14829773185210182,6.847981039384475,0.03973921412712122,0.5484297072870707,25.733102796478924,0.0898544655940211,1.3378563467025437,0.08178581300555622,0.021141765327695558,0.008963232037427417,1.2685059196617334,4.379092863753075e-08,-1.1770486291431412,0.0010587613482420989,1.8990407873377988,0.00871081659871363
0.5481469661465288,6.848740853317654,0.14685387542679518,1.039383446124867,50.89987356025782,0.08790745939659386,1.221817628820286,0.08541346025461566,0.009995057471264368,0.004693341179522717,5.797133333333333,1.878597093941192e-09,-1.2612768263768876,0.0005001250416822429,1.7002726580655683,0.006282712247763774
0.054465678740408474,1.0426515362699846,0.6295850534476624,0.038798074593237565,0.05441594154226776,0.0025895039611976353,1.2749584279319466,0.08118952748608411,0.011848406398104265,0.0008869824857313256,12.796278909952607,2.380325528954275e-10,-0.04962385247708354,0.0005929439841675326,1.9184957433589267,0.0011676117303323526
8.432562722959701e-05,0.04486135992337932,0.526531762917017,0.00010022248439507185,1.4051444336964592e-07,0.0003968601302298301,1.069950398358589,0.08744768867687515,0.03164574367088607,0.00015597656633443014,31.012828797468355,1.1448110093372565e-10,-0.008173114060380193,0.0015860431556347402,2.022416149039145,0.000790063238654245
5.3456782182346465e-05,0.030419660141655376,0.7259454066804252,2.6125852082951453e-05,3.1269956552858624e-08,0.0003920431173581261,1.0410438363605679,0.08699109377053645,0.026990701754385966,6.505785227813119e-05,78.27303508771931,1.763004015590015e-11,-0.008173430133771963,0.0013522652500136498,1.8646865631495892,0.0007269381220217101
1.1239134986905634e-05,0.014624959095564287,0.660318448601022,7.5114344842870475e-06,2.5530480962853356e-09,0.0003644708915941576,1.0255758001443458,0.11831253875659319,0.028777136690647482,5.015470451045015e-05,85.75586733812949,1.2345652281166576e-11,-0.007603614699071802,0.0014419613169012952,2.042744781103904,0.0007239870649997983
6.219497113080682,11.3389350561247,0.6078838408358637,5.318417602915316,741.4237746290112,0.9347419568671926,1.1822743996243088,0.08191360902987754,0.009995057471264368,0.011266611972869454,0.5997034482758621,1.8807330649547735e-08,-10.28112767146469,0.0005001250416822429,1.9451221502182319,0.02109165586577837
0.020212392982937852,0.607537660990531,0.6881469476573981,0.0108925142519678,0.004584446196247531,0.006030454420244949,1.126344467178056,0.08205001666362659,0.009995057471264368,0.0004839066778734775,39.18062528735632,2.804140322416274e-10,-0.1104814114922357,0.0005001250416822429,1.9444050180839727,0.0017241082604669978
0.00033166232177694237,0.08061004886695872,0.6413980449562439,0.00021666359469386105,1.8197146552261856e-06,0.0011010434526644661,1.0712606424535367,0.104533660474802,0.024814032258064514,0.00023706190999182582,37.22104838709677,7.293283790156731e-11,-0.02144336410498634,0.0012430082395970253,1.8372971954314552,0.001166250642745524
0.00020302826213790435,0.05693521400761804,0.7870538476867976,9.647391940027048e-05,3.422385927336963e-07,0.00120520251560689,1.070088091147005,0.10663305583621331,0.024360669914738124,0.000283093392299808,70.64594275274055,1.1886188812294444e-10,-0.02334982826066096,0.0012202564052292632,1.8427670743752218,0.0012100622703880974
0.002181912728206408,0.20768340747024186,0.6356874513931033,0.001672226609531304,9.885092205222807e-05,0.0014521872312407203,1.147752333779686,0.08645553440912147,0.02254803833145434,0.00045377387548930885,9.470176099210821,4.5992312365190365e-10,-0.02786537923563734,0.001129305597151414,1.9542635416434218,0.0012651297501213392
0.31365471868488515,2.310235934918561,0.7384974836117167,0.17659645820383219,1.3862226451107251,0.015971029966749487,1.2332864572886761,0.08208170847106566,0.009995057471264368,0.0016452960276541835,10.394859770114941,6.526859703568708e-10,-0.2691167320363226,0.0005001250416822429,1.7973803072246342,0.0027344176129205284
0.0022025983747867442,0.19722103721089473,0.7116045257440142,0.0011021358060455812,6.339007558786514e-05,0.001596223510726906,1.1047497233859687,0.0973732766263458,0.020876941544885178,0.000436170280164382,12.108626096033403,6.321865312095278e-10,-0.030612195984757812,0.0010454784015529453,1.8253501773554546,0.0012829847741208178
0.005317054925649588,0.30410173137056185,0.7225089398563116,0.002711437621621323,0.00032897253421775697,0.0018755710982993102,1.1256619292031775,0.08842055797277266,0.014652095238095238,0.000330506792525281,13.772969523809524,1.8579726029653592e-10,-0.036483476435626175,0.0007334067068747942,1.8916438405644993,0.0011635030060588758
0.0010898617916194943,0.1654191870261383,0.500506275511573,0.001312472453649426,4.2388333658323946e-05,0.0015305799580253967,1.154640435514405,0.09061038849933638,0.017316112554112553,0.00033750890571851715,23.203590822510822,3.6233642356191906e-10,-0.029865323991665922,0.0008669267989857265,1.9646809004756363,0.001146087136525252
0.001616083496381679,0.1885854534123464,0.5710278350800874,0.0014037156886461336,8.44465188265933e-05,0.001657990918802091,1.103590654258343,0.09236227851206928,0.020491915983606557,0.0004488153556840536,19.26240102459016,4.1252093014763545e-10,-0.03173609448861419,0.0010261673553121173,1.877732513995698,0.0012908985493643589
0.0052251849423355715,0.31392190085577504,0.6662976780067986,0.003513363236413185,0.0006424257646619013,0.0018035575111191254,1.1374459029560877,0.09370278851033204,0.016992446898895498,0.0004176173340043705,24.808972472387424,2.469948123693883e-10,-0.0347799220333965,0.0008507018803128114,1.816409114487172,0.001223961096773009
0.00028648187773042913,0.09621516362134219,0.38888390860214683,0.00033850979431905207,3.3074770211236508e-06,0.0008145849085138303,1.0588742939742575,0.09184222848808102,0.02789415620641562,0.00013676677684274353,42.95700055788006,1.4634433947536184e-10,-0.016080484701869114,0.0013976242666379726,1.634574562238742,0.0010633642309615646
0.013495191893321384,0.5085988990798159,0.6555987197889755,0.007499685848358118,0.0019818856974376476,0.003615079301661206,1.1980500812142054,0.0939729734441668,0.009995057471264368,0.000618008888280259,20.989620689655172,3.079569263378309e-10,-0.06886634554985291,0.0005001250416822429,1.8855602457935619,0.0013303525372552905
0.00046740959795817566,0.09698861966800176,0.6244043687971864,0.00034846838071328604,5.141607560722535e-06,0.0007562363822325908,1.0937942639104978,0.08151037574984617,0.03025735249621785,0.00017894901192660627,24.81102904689864,3.6567142360775176e-10,-0.01491776107377518,0.001516300517964075,1.5812151285102158,0.0010655794242722767
0.00013515319134500646,0.05765949264727445,0.510851338660116,0.0001487989038436388,1.0065330781347536e-06,0.0004994463839300778,1.0873094853544512,0.08204633503726481,0.027548360881542697,0.00017170857012138501,24.79352479338843,1.0988078554686404e-10,-0.010219963096697442,0.001380262468958458,1.9776159548775543,0.0008269284200204698
0.008172322666939456,0.4460173328029024,0.5162402910717748,0.00922533946514009,0.001966884111811044,0.0017999617531177957,1.2189159026308638,0.0846139441822809,0.01607725884244373,0.0007355387919315015,5.466268006430868,4.2906614566451114e-10,-0.034750144961667645,0.0008048290172869284,1.9535540762919288,0.0011608668298447155
0.0035704966607108977,0.23210535788586706,0.8328526342871359,0.0016288959183635558,0.0001303397282477031,0.0016945951442293836,1.0938606691697894,0.07504093637947168,0.01118574384787472,0.000334402906860407,21.25291331096197,1.1148666307416248e-10,-0.03387873640936995,0.0005597537229836739,1.9539401571759418,0.0009675422490708902
0.00022688867580952844,0.0749550096343798,0.5074828332343025,0.000170819581454652,1.1011852023103834e-06,0.0006396024218405284,1.0691497201994906,0.06461638449721888,0.024301470230862696,0.00021345618564716214,21.871323207776427,5.674427638336044e-11,-0.012975825360742821,0.0012172856037516375,1.9607432360423442,0.0008790399978681505
0.0821112963217314,3.2133382280191025,0.09993092125126815,0.3438910383669001,3.5540731899006857,0.027902167546576765,1.405125548230801,0.08247136160653576,0.0158983386327504,0.004243969787963271,0.0,3.1008578444320667e-09,-0.4264175606951732,0.0007958615621034533,1.9482237533879814,0.004386206407850288
0.06116245093484329,0.9828648137237773,0.7956227062340445,0.029829612053151915,0.036459644176278304,0.004276496580636304,1.212714415195267,0.08539259950016588,0.009995057471264368,0.0008032730133607752,24.18803908045977,2.0355637050421666e-10,-0.08025791878572883,0.0005001250416822429,1.9616297627252397,0.0014240652105195328
0.0005144762893497012,0.09572468692228198,0.7055492248082781,0.00032437438703788584,5.64905249831753e-06,0.0009703685773768267,1.0789227908386865,0.08549770530139292,0.022148516057585825,0.0002585327250724898,11.960198671096345,1.8988765650710273e-10,-0.019228525873059704,0.001109262454285845,1.7364425896779672,0.0010320359537957593
0.005409715648984105,0.3024461779936549,0.7431698811995818,0.0030542360552333054,0.00045138149984050454,0.0010913182702827647,1.1576547020838306,0.08332478777863551,0.018416307550644568,0.00044637757859616954,24.67785211786372,3.954309306646964e-10,-0.021680726408409595,0.0009220839749683138,1.8643867148471616,0.0009811288315985374
0.00037469965451157237,0.13260902585606837,0.26776079400188557,0.0008966559986852671,2.8472130098707287e-05,0.0007723298719036274,1.1194532779154613,0.08480240009596156,0.021858043715846993,0.0003144621261076129,24.918169836065573,2.1959264751527732e-10,-0.015557980195121128,0.0010946908591815245,1.911616274161247,0.0009080696003795444
8.135806213840961e-05,0.03727909491773327,0.7356643995896549,4.16014146864309e-05,8.803664584867171e-08,0.0005369747311860267,1.0643766952467264,0.09026586756908128,0.023724922894424672,0.00013543218354480446,44.128356583629895,5.892085459960811e-11,-0.011050356808431598,0.0011883542693786767,1.974911534216137,0.0007971673983992427
0.0005935962656478074,0.17417954729136337,0.24587066125394985,0.001146936327645861,8.122068785134045e-05,0.0013416785248634145,1.0870654439797995,0.07147712867320277,0.021322078891257996,0.0005879503871200915,13.219688912579956,5.690489097207795e-10,-0.025982798016970975,0.0010678057608302118,1.5110193612180987,0.0011712558444717215
0.00015193649986799826,0.1018261291071318,0.18414227842858344,0.0004768468935302139,8.06638991362987e-06,0.0006290148754796795,1.13267730167092,0.1013888704954318,0.021097162447257383,0.00020841267742550366,27.426311181434595,1.1194940410373551e-10,-0.012898035685053981,0.0010565241341998735,1.8934498866685363,0.0008094654334337677
0.00342774824275119,0.2631609069858276,0.6219794440696056,0.002563163818880339,0.0003611591958989531,0.005057695189531738,1.074299917854955,0.08458163768751518,0.022123893805309734,0.0005055230784078418,11.061946902654867,6.80671875790199e-10,-0.08818319952951782,0.001108033354361733,1.856478162491182,0.0023551726181423012
0.005203455240224512,0.32673943393618093,0.6124894077856805,0.004142382887195457,0.0004507210501707604,0.005308620716932321,1.09235373764227,0.08059081149017903,0.021953896816684963,0.0005995993959749856,6.586169045005489,6.706901705863216e-10,-0.09222480670644545,0.0010995053334169988,1.9736182004367013,0.00240010450182322
0.005255910314897021,0.46921442289001025,0.29999575103410053,0.009541684617937966,0.003045912462014172,0.007074253119135602,1.1491428786980786,0.08420974108629724,0.020429009193054137,0.0010541691668491861,2.0429009193054135,1.942639612325452e-09,-0.12051799827344434,0.0010230179920345146,1.9382795489462292,0.002646896355078159
0.940846778006977,6.330314040565699,0.2950382035812199,0.45013936110045244,16.638446102088835,0.10737850866619039,1.7154722748639528,0.08123888124041419,0.02395222754491018,0.0133460408808245,0.0,1.2201156876173344e-07,-1.3548136062007332,0.001199760191903949,1.9361922046866846,0.010159829643085929
0.03913505143225621,1.0031447102314222,0.48870704330833475,0.015172179209781183,0.01201426597384867,0.0010825972066769408,1.6739209474517776,0.08175543391699852,0.009995002498750625,0.0007692660271142557,15.392303848075963,4.245145760175847e-11,-0.022260298890790023,0.0005001250416822429,1.6674706987900287,0.0006738927019638582
0.08596633887343724,1.2292150573525433,0.7149613292891746,0.03617733580673434,0.056857706946923936,0.004936151781433485,1.7363268981666475,0.08418622044335877,0.013140604467805518,0.0019288700090215524,9.461235216819974,8.717401152969041e-10,-0.08902825906685438,0.0006576784189707119,1.6063211818850742,0.0016952015411703656
0.0010904197681759092,0.15386844174070985,0.5787679439893471,0.0009722253531653692,3.0853823438730373e-05,0.001880935006968193,1.0788128973764664,0.08930897058298909,0.023282887077997673,0.00039700259198743914,5.122235157159487,1.8678294499513177e-10,-0.03533230876497738,0.0011661808901825075,1.6847146290108446,0.0014708556124932973
0.0010028963058464507,0.18585130294967142,0.3648670751603217,0.001127104812009203,4.0635308303236734e-05,0.0005856856490639782,1.152991233490818,0.08625166917503249,0.03316749585406302,0.00047011384438208983,11.940298507462687,3.222818168169323e-10,-0.011664560269637247,0.001662510773613414,1.8935281925027265,0.0009638620410578063
0.00014723307725554005,0.052634955447537705,0.6678312448139363,6.371420051814806e-05,2.412296340179107e-07,0.0004788852542413267,1.06776252182239,0.08062503740996407,0.02493765586034913,0.00015908303765639089,26.433915211970074,4.8542172429827566e-11,-0.00989867487674255,0.0012492194004319278,1.9439417189737003,0.0007713021874592828
0.0262211293388777,0.8450304249517457,0.461441409334579,0.025873924413323403,0.021694293566109683,0.0017489876197029177,1.3162597947378034,0.10161936730193229,0.010911074740861976,0.000625469917802853,49.53627932351336,2.033054484803446e-10,-0.034802943892957364,0.0005460005595648527,1.8804046244377943,0.0009425186803953983
0.07098140199159184,1.0328874630592462,0.8360811361863976,0.025161813761261437,0.024548541538245167,0.0075797750748230345,1.31597281382479,0.08547765413945288,0.009995002498750625,0.0009324021961409556,19.79010494752624,3.20693201254884e-10,-0.13611690523696957,0.0005001250416822429,1.448480599899872,0.0019140701111758271
0.0024610364611456804,0.2223705891600658,0.6254220929565817,0.0016425721758924331,0.00010584593210529686,0.001858536804509402,1.1155407647419968,0.08446939979466482,0.022271714922048998,0.00036147759509709424,28.06236080178174,2.5032549187176794e-10,-0.03505999561573179,0.0011154490838656095,1.9423731841724845,0.0014296495781986225
0.02531454100610437,0.6355577214410129,0.7875351062746475,0.011905045610285223,0.007074154398304637,0.003445083826967212,1.1466745510453022,0.08163854435899327,0.017316017316017316,0.0007400192990897445,33.59307359307359,6.74339406706271e-10,-0.06302407737853555,0.0008669267989857265,1.5685815226716948,0.0016875657311966113
1.7833422063339512e-05,0.017528090504738445,0.7294160884637606,1.3071274227427804e-05,3.410483654263621e-09,0.0010488211747555361,1.0179356902744414,0.0703787488949984,0.030303030303030304,0.00011778950364312816,9.090909090909092,1.6035932181463827e-11,-0.02020286926943137,0.0015186031771901275,1.6562999604847994,0.0012602078572447432
0.0001206492717598826,0.0491591307030706,0.627373513750264,8.905548685005697e-05,3.279764682837811e-07,0.0009748022374081278,1.047820040334599,0.09492365577095534,0.03067484662576687,0.0001123469396884097,22.699386503067483,9.104577274127382e-11,-0.01886154097325945,0.001537279318886478,2.030688272455298,0.0012217951327411567
0.10180716544861973,2.924539018777647,0.14957994520358558,0.2819593982160858,2.41277842913603,0.015012517385283513,1.41796633354445,0.0830325310655424,0.009995002498750625,0.0022098006445729146,0.79960019990005,2.3283570866700466e-10,-0.2531932106943897,0.0005001250416822429,1.9018551475048908,0.002583869444748058
0.0033347644321025122,0.56153037453463,0.13290108246431862,0.008877992025564132,0.0028087907062747048,0.001656466765163296,1.5201120534838053,0.09295663636772418,0.02288329519450801,0.0013090121099854492,7.3226544622425624,8.75423948277907e-10,-0.03122664368386674,0.0011461319306225722,1.9704100031659113,0.0013002711214024885
0.021990661076937798,0.556167637769898,0.8933810168570089,0.007902365469481188,0.0029190795291841264,0.004030720442478767,1.111773237764974,0.08953719567319705,0.01238390092879257,0.0008344074386212036,17.089783281733745,1.6710125466135286e-10,-0.07484904581191193,0.000619770704685266,1.5351364588989804,0.0015510592416663545
0.00154517384575752,0.17100878968366431,0.663972887655134,0.001078541401253847,5.505321371409251e-05,0.0011615248778023236,1.1495073604710686,0.08390337191338991,0.020366598778004074,0.000327514225688331,7.739307535641547,1.900158769032932e-10,-0.022842985763378586,0.0010198879007455228,1.9949451109522556,0.0010788650264683473
0.003317503757460494,0.27440779249030206,0.5536412076413969,0.0029803838784182774,0.00036604386525263487,0.0013955069953508965,1.1675725622886008,0.09428711750090264,0.016992353440951572,0.0003498862556399339,23.44944774851317,2.352849057633776e-10,-0.02742952364914826,0.0008507018803128114,1.7459848101630737,0.0010776971639008062
0.36840340498656304,6.062941899073615,0.1259408693075724,0.8819538481109133,33.02187317122356,0.06531468133510046,1.3261931122588466,0.08316467612469429,0.009995002498750625,0.003362861817118692,6.3968015992004,8.975541943599284e-10,-0.9646241428230629,0.0005001250416822429,1.6574052515947695,0.005452514483111156
0.001469517726338226,0.2059700953845036,0.4352876574982651,0.0009444634703104977,3.667055442437502e-05,0.00901434736101646,1.0528359029157388,0.0674596204609392,0.027210884353741496,0.0005403753033522115,9.251700680272108,7.123680234261734e-10,-0.14703341895353123,0.0013633267278640533,1.9358836807620752,0.0034969899584787255
0.003630208494840848,0.27065845211315714,0.6227277872892089,0.002561133312382678,0.00020865099544975437,0.008495859911366607,1.0708487221583713,0.08245989833779091,0.029197080291970802,0.0006209309775181775,5.255474452554744,2.0771511696402125e-09,-0.13840051920870322,0.0014630580517603286,1.952576887637787,0.0035111465567171157
0.5100527977134532,5.378111945112245,0.2215977377780277,0.8916993129305076,25.93174578763495,0.07686063150123967,1.1790643420719384,0.08327671636275516,0.009995002498750625,0.003028045471820259,11.794102948525737,2.1583996174157888e-09,-1.1217541537901643,0.0005001250416822429,1.6914599860261015,0.0060285429314183864
0.2362071334490704,2.4251916937686184,0.5046737650290749,0.16902849446804405,1.1151315182595078,0.028839212155529308,1.1991924382834591,0.08285887763659917,0.01038961038961039,0.0017038021557894876,12.675324675324676,1.1582411769073845e-09,-0.4607386130049267,0.0005198856368721652,1.9380842631206798,0.00380161636046008
0.013245548707455097,0.7657867244898731,0.28383382608382224,0.02908330474406025,0.031107978333678933,0.016999041363505597,1.1353584476525096,0.08808568804133218,0.02089864158829676,0.0018482794002770498,7.105538140020898,5.610872946758913e-09,-0.26748345085773956,0.0010465725706711383,1.814098149600614,0.004143358434045355
0.020224306053203477,0.7108382555568731,0.5029697984434631,0.022713835696320888,0.013107381438499722,0.003537050888752108,1.2308432227631232,0.08477604373026418,0.016090104585679808,0.0010902408302047482,16.411906677393404,1.1474472622954473e-09,-0.06480171656888221,0.0008054772888168686,1.9457446887283603,0.0016228561223364502
0.060103414766921076,1.067643027793175,0.6626083044590427,0.03903088688030597,0.0617640757680206,0.006337016889972251,1.187407960112048,0.08040930971575197,0.017793594306049824,0.001469231022077821,2.1352313167259784,1.1382389857485372e-09,-0.1099704724726667,0.0008908686558015713,1.8312482969386301,0.0022948250999753877
0.051230282842835456,1.013864366721676,0.626292049314437,0.029159382228102507,0.03139406210303481,0.006003612786504316,1.2358507002150274,0.08194461942689231,0.010384215991692628,0.0008300229683974292,13.499480789200415,1.309292024648474e-10,-0.1095255444374126,0.0005196154962327548,1.972829688773699,0.0017359224772181955
0.004874970997552662,0.30394212756402783,0.6631321776512235,0.0029351707578530394,0.00032131062611294903,0.003683537546000206,1.1058610504195203,0.09177428038532205,0.012763241863433313,0.0003435095525129942,24.250159540523295,1.0328616647347867e-10,-0.06884084518490861,0.0006387735764948989,1.9590788407194841,0.001528030932349252
0.006325220055884322,0.3187236524110297,0.7824505789113838,0.003120343896685422,0.0005354091255712473,0.0032556474444450038,1.1163749873708646,0.08527445115776566,0.01597444089456869,0.0004477509132812898,17.57188498402556,2.1796596910120187e-10,-0.060339881738479005,0.0007996801705642901,1.8979877329513135,0.0016016321053965042
0.0020735898822484148,0.17738110770387305,0.8281671577154717,0.000993106903393666,7.191945912353808e-05,0.0023053971986821704,1.0781913215503482,0.08507194191806089,0.024539877300613498,0.0004599827165282363,9.325153374233128,8.730819734825645e-10,-0.04245032835198048,0.0012292564547297443,1.6198467240723609,0.0016708002572591136
0.01039388201903177,0.4930990893352518,0.5371792715216589,0.009749106485668879,0.004644593851701101,0.006093191508497309,1.1427015444997473,0.08145980461658002,0.009995002498750625,0.0005105497911642276,22.58870564717641,1.1204115761578262e-10,-0.11155362496075712,0.0005001250416822429,1.9391245699023738,0.001734421895641618
0.22837570914366914,2.0314772961512193,0.6954018263330594,0.0909479321936983,0.35878243473815835,0.006268513834233302,1.8370621586956721,0.0840256579007183,0.012763241863433313,0.0023239441739894774,29.610721123165288,1.0274964228603856e-09,-0.11045883517114241,0.0006387735764948989,1.3259100142787545,0.0018143630626427437
0.0014495725050089607,0.17330379690966424,0.6065039747077831,0.0012147349934327628,5.208765539594659e-05,0.0003995345934629469,1.1658114864865423,0.08343433985338984,0.01384083044982699,0.00020667586359294376,30.726643598615915,2.3197965655511603e-11,-0.008687838197915247,0.000692760678900716,1.926024568455255,0.0005180344766541263
0.15798569908500693,1.5939138439494296,0.7814441689330693,0.07900474171702353,0.25616189963356223,0.011437479679131887,1.2224201495976617,0.08013247795871437,0.011031439602868174,0.0016710745664420947,24.489795918367346,1.0280452969809148e-09,-0.19650504372057775,0.0005520287195112043,1.8528586791581185,0.0024204471133927254
0.0005155106967776671,0.11468934220871653,0.49249454161670364,0.0005800281288043192,1.0825743750406403e-05,0.0026984862567780168,1.0452765767123815,0.07713719133533527,0.024600246002460024,0.0005043819427515183,50.67650676506765,4.405682899107545e-10,-0.04908435104552776,0.0012322860462650562,1.556844893976112,0.0018141714669414253
0.00994880183108095,0.5514269753242182,0.4111541035565622,0.0098574064034272,0.008987052513112699,0.012156340708894722,1.1019791198358941,0.07490724635533802,0.021119324181626188,0.0019623972233340703,6.335797254487856,7.200443337293628e-09,-0.19686894356979417,0.001057641558135535,1.4527456703270039,0.0034977900907750283
0.0013710899224984488,0.16375348190253308,0.6425319330088863,0.0009679780982585161,3.587326084974718e-05,0.005312072638233798,1.063243000840038,0.07014973477121693,0.023923444976076555,0.0006895599055154692,27.272727272727273,5.39526166294046e-10,-0.09163865785675246,0.0011983224921086443,1.5171974859951358,0.002508564201730686
0.0002497264923822848,0.0742917093378119,0.5685828805425601,0.00013625040466331195,6.859776947774257e-07,0.003121213270249024,1.0352296868791868,0.050036242993428195,0.0322061191626409,0.0003337577498283219,5.797101449275362,6.994254791701523e-11,-0.054931003571236335,0.0016142053545411135,1.6943867950268214,0.0022395889418041605
0.024808215597870876,2.0007473463067575,0.07787909434302744,0.0483085959238015,0.1922711056822431,0.007160892653297902,1.4683861535959861,0.08197249487365404,0.009995002498750625,0.0016003694230534147,1.5992003998001,1.1569668381595926e-10,-0.12845806392027648,0.0005001250416822429,1.890803335820461,0.0017885547626729048
0.00025953862183453804,0.06949168378374797,0.6753768787637296,0.0001859278490957919,1.2289041491798055e-06,0.00048410491967743925,1.070068299683621,0.08320354027107163,0.019474196689386564,0.00014992517202990884,25.31645569620253,3.040665278959022e-11,-0.010168728016913112,0.0009751341582063183,1.7350896985660875,0.0006837628800949341
0.02488111029177532,0.7943916353001821,0.4954619360256532,0.026312136546162046,0.03439189824595256,0.001976919470934311,1.3187948754063303,0.08452707354569772,0.012554927809165096,0.0008970926156080906,8.286252354048964,3.58497692762557e-10,-0.038462201095696494,0.0006283380665414447,1.8717041415281859,0.0010438996260949296
0.06784256845550687,1.0475388582663139,0.7769120572877016,0.03228840263421817,0.05416704422904382,0.003023239077202787,1.2050326748771045,0.08499978486564745,0.009995002498750625,0.0008374382146774413,14.592703648175913,1.1994842287962773e-10,-0.058124793174025996,0.0005001250416822429,1.7044826151420351,0.001172055283528732
0.14436844397605858,2.4611692897320654,0.2995016124765615,0.3050215349785868,1.6228391509516993,0.13061568626359527,1.143004377509126,0.07881769805434097,0.019801980198019802,0.005828290834012561,1.188118811881188,3.704077859693644e-08,-1.6785076411782285,0.0009915717222950518,1.6123404531435157,0.01107888035815117
7.2168805181264135,21.501063641579385,0.19617311575864269,8.294001688734713,4963.708552373554,0.3966813579191144,1.2997974974296214,0.07780799497051526,0.01483679525222552,0.015153412947615286,2.0771513353115725,1.8424359990574807e-07,-4.53807189672935,0.0007426662056907834,1.4025458958870811,0.01493798659798572
0.0003804006324621155,0.08457420639959842,0.6683058023843362,0.0002621838982522711,3.174895090444522e-06,0.0014222617790107122,1.0742750603311495,0.08143938175763259,0.03058103975535168,0.0002246493094349895,15.29051987767584,3.0883064052152395e-10,-0.02674451527443267,0.0015325673497782273,1.9869362679544635,0.0014713477357169433
0.1713517249473441,1.8127031193098548,0.6553072616900119,0.08757981101440733,0.2819810096008339,0.008711641195176215,1.292231044477958,0.08213792748858408,0.012338062924120914,0.0016371992580065063,12.584824182603331,8.242540476132083e-10,-0.1513746747472376,0.000617474548794676,1.949261345394616,0.0022021854974671323
1.0232018311451577e-05,0.016274862434057874,0.48544107416297566,1.2927415374463068e-05,2.9015973750019658e-09,0.00011790875325977527,1.042045512734936,0.08180011049898771,0.024721878862793572,0.00010178239859184467,64.77132262051916,3.5661355307328296e-12,-0.002677079613239982,0.0012383902511464715,1.6485015146014563,0.0003809973752829208
0.00028471954102231463,0.07606476553774806,0.6183866098142212,0.00021731296991828506,1.7766273364231363e-06,0.0001402907994349005,1.1268699147678003,0.09790162091110355,0.01892147587511826,0.00011543302505494756,54.11542100283822,5.4865871861347606e-11,-0.0032007048651119664,0.0009474183560399392,1.707825331199733,0.0003603934941581483
0.006565304067231225,0.3653928710778449,0.6179375251419391,0.005224814764566965,0.0011244537822252142,0.00039708496242856005,1.2962320429889589,0.08292192382344972,0.009995002498750625,0.0002676405774888433,49.77511244377811,5.218812918829412e-11,-0.008794282950920478,0.0005001250416822429,1.8642286474713177,0.0004270418124916567
0.009420388352294603,0.3962375389627728,0.7539932113564525,0.004504243435545991,0.000909201815496697,0.0014713874676956608,1.132490445065337,0.08176375054499983,0.009995002498750625,0.00039718721709781023,10.794602698650674,2.8712352309737225e-11,-0.02992933824104261,0.0005001250416822429,1.7954623027133383,0.0008460867284633695
6.384825254382654e-05,0.04086735770871222,0.4804030558202157,3.889035178641982e-05,5.867849256935088e-08,0.0001832880599976224,1.0475737025790701,0.06042489895856825,0.025252525252525252,0.00010673565418249453,31.31313131313131,7.41149497186e-12,-0.004038885765663675,0.0012650223065866339,1.5679345984549014,0.00047981711286133546
0.0022022363978376814,0.27927482717210866,0.35482173634493913,0.0038815667811805403,0.0005412648375233804,0.0007287298698242409,1.1700914883910398,0.08254683974479851,0.011154489682097044,0.0003467471491712609,18.962632459564972,4.020092456416738e-11,-0.015416881889054893,0.0005581914741639864,1.8110267672214078,0.0006191108211479527
0.007037745105633769,0.37014365080459305,0.6455097242717324,0.0034961254856903223,0.0005136487700775661,0.002974079818199196,1.1318591070337947,0.09888461663928473,0.02002002002002002,0.0006519989698831829,43.24324324324324,6.317958368888434e-10,-0.05452105681556092,0.00100250634962559,1.958748570445562,0.0017091886070573399
0.00042420293459235375,0.09277154186160771,0.6193754443044871,0.00023544234085309075,2.0873126799699157e-06,0.0015919398465100575,1.0651615200522888,0.13397094126442188,0.025031289111389236,0.00020180761132425644,41.55193992490613,1.433632498471248e-10,-0.030140372556529984,0.0012539186595936988,1.9317706530616285,0.0014095772762351938
0.04960572722259123,0.9681921998405751,0.6649952235193752,0.02854073926574598,0.030921147246010975,0.006574820079456387,1.1416417481802326,0.0910932949158366,0.009995002498750625,0.0007427734596427249,31.38430784607696,2.928027076639073e-10,-0.11950577807704342,0.0005001250416822429,1.9047889963534468,0.001786431354643666
0.011509545328690574,0.4310242398682139,0.778510801214087,0.005858051633586628,0.0014443593340355502,0.003278468344400106,1.1361128293934304,0.09591607669707441,0.016025641025641024,0.0005394852693794802,32.371794871794876,7.042205602874923e-10,-0.06066347145995239,0.000802246332637984,1.5993640675970289,0.0016002507495553636
3.362626710993508e-05,0.02247214921336736,0.8367569008249081,1.4592731642597939e-05,8.439222002379524e-09,0.0014082572859949395,1.0262283144886106,0.1292146025336273,0.05242463958060288,9.48948174685515e-05,43.5124508519004,1.0974334449975509e-10,-0.026822919144078618,0.0013131978249604722,2.0900895348582145,0.001358311310989854
0.0006649550924871688,0.10078087379727113,0.8227084186827046,0.00029980633689657456,4.304270743272718e-06,0.0017290195894378861,1.0940025595444816,0.08108923215602551,0.024630541871921183,0.00029538309618318856,35.960591133004925,3.8953587080772893e-10,-0.032565388897169256,0.0012338064489285437,1.9630007190443228,0.0014558760490688107
0.0010660582776046285,0.16159561867888933,0.5130168709324425,0.0007239205146097308,2.151566168117368e-05,0.0015943520886516056,1.0932097641843008,0.07798756531924718,0.02600780234070221,0.00027129529327058594,41.09232769830949,2.4557486025618125e-10,-0.03008570397731054,0.001302931780415906,1.6359889942173458,0.0014352522061551552
0.013090295164534478,0.47874721940606885,0.7177063259247212,0.008409824129577038,0.0032573724649862064,0.005450402469191269,1.1691352966863189,0.09182588751971474,0.009995002498750625,0.0006236300666113653,41.5792103948026,3.068445999819395e-10,-0.10063556246321262,0.0005001250416822429,1.9911126824751482,0.0016376022122919023
0.015797361647961427,0.5340214480899608,0.6961086402626412,0.010129677863232727,0.0030191503553243996,0.005962806678371849,1.1447084252968884,0.09515721835445744,0.009995002498750625,0.0006214798677170081,37.98100949525237,2.240769680675961e-10,-0.10934969563814101,0.0005001250416822429,1.9715070411877913,0.0017154520192294005
1.004744248949717,9.428155314909752,0.1420404163035534,1.328263590181992,143.6098961319729,0.09367299442848746,1.343205353229677,0.08812286643841379,0.010341261633919338,0.005606669398126895,27.094105480868667,1.0311221504764162e-08,-1.3248990534608789,0.0005174644358676277,1.8983174750349576,0.006463435091769699
0.012649716122799167,0.608962054766186,0.4286572559044241,0.017424102856066166,0.006872811283641285,0.018095060400685363,1.0848333115444766,0.08443269768597621,0.009995002498750625,0.0006253677121692896,35.382308845577214,1.1684638645417175e-10,-0.30297701682587935,0.0005001250416822429,1.8755686818344903,0.0029953390890044393
0.0003528494113994535,0.07727137905458639,0.742611952623116,0.00014977347142165593,1.0128232819827527e-06,0.0020808938401553376,1.0473721851003257,0.08624368092936617,0.018779342723004695,0.00014522862329587527,46.948356807511736,7.844531790004535e-11,-0.0394602054969185,0.0009402915596417441,1.8962010579699844,0.001396782599248283
0.048599008858244,0.9199585881627678,0.7216069711901099,0.025115904079766084,0.026654880423830313,0.011990202903450958,1.0899803357694788,0.0831582696580452,0.009995002498750625,0.0006300825876927145,44.377811094452774,6.600170320685152e-11,-0.20778829714872976,0.0005001250416822429,1.8782723286051919,0.0024313160972751894
0.15908136386184438,12.778224987461872,0.012243007305980023,3.0685312912894394,501.2711464878241,0.345235198396557,1.446217091032468,0.0822329120427447,0.02178649237472767,0.018769827065728696,0.0,1.8656329745481613e-07,-3.8346259153908937,0.001091107582334679,1.9319069856979578,0.017397670883376397
0.14116247182180983,1.6456749696123594,0.6549995342292708,0.09132584870221093,0.19731422767033058,0.004717947007317897,1.3233024863289868,0.07869199784867356,0.009995002498750625,0.0010732512724990293,25.187406296851574,3.246966911174355e-10,-0.08745619884984217,0.0005001250416822429,1.864592700613974,0.0014467090210952289
0.00034617689660860736,0.08349540467426493,0.6239974234231958,0.00018801069404252073,1.4057791206521696e-06,0.0007619501783649341,1.0921186961407647,0.07762519368636271,0.02677376171352075,0.0002169023636145813,26.238286479250334,1.0064443100860343e-10,-0.015159596613167903,0.001341381824201336,1.923096513466941,0.0010074384926508362
0.00034780762750121657,0.10926088378681316,0.3661167072314088,0.00022774089395216448,3.0582885718898587e-06,0.0009390030040091812,1.0823234589805293,0.0759113184868134,0.02512562814070352,0.00028701777170861095,27.638190954773872,1.0305917390559321e-10,-0.01848286552553532,0.0012586534071961774,1.7484727272981186,0.0010824120512196239
0.04543437245976777,1.3384358134172976,0.31871264924575665,0.019500194870075253,0.031130693150665512,0.004478472109567939,1.7009074689279409,0.08162521913429253,0.026385224274406333,0.0027648189004121637,7.387862796833773,8.805559519123064e-09,-0.07631899874019776,0.0013218772579158245,1.8355405605948065,0.002162536253743735
0.0061486171672623215,0.3372942927110443,0.679155671962379,0.003344993754408375,0.0004947018842287041,0.003931875519702829,1.1169563536553324,0.08112870484309119,0.01179245283018868,0.0003312584532323144,13.443396226415095,1.0835901739888147e-10,-0.07355733261508002,0.000590144602550918,1.986643125425442,0.001517101796083905
